old_payment_link_id,old_url,new_payment_link_id,new_url,status
plink_1TCrExDkgxoHBnOnLO7zi0wt,https://buy.stripe.com/00w14n9CW0uccOebFX5Ne0k,plink_1TlvQdDkgxoHBnOnlAP7CdWP,https://buy.stripe.com/5kQ28r7uO90I5lMdO55Ne0p,created
plink_1TCrEUDkgxoHBnOnphmMy22y,https://buy.stripe.com/14A14n5mGa4M6pQaBT5Ne0j,plink_1TlvQfDkgxoHBnOnI1Vuzdkl,https://buy.stripe.com/bJe14n02m6SAeWmbFX5Ne0q,created
plink_1TCrE1DkgxoHBnOnETYoIrPT,https://buy.stripe.com/00w14nbL41yg3dE11j5Ne0i,plink_1TlvQhDkgxoHBnOnTtlrEEQL,https://buy.stripe.com/4gM00j16q6SA3dE5hz5Ne0r,created
plink_1TCrDaDkgxoHBnOn8l62VnRq,https://buy.stripe.com/14A7sLcP82Ck01s4dv5Ne0h,plink_1TlvQlDkgxoHBnOnYIjqgiqx,https://buy.stripe.com/dRmcN52au0ucg0qfWd5Ne0s,created
plink_1TCrD4DkgxoHBnOncM8c7pAe,https://buy.stripe.com/aFadR96qKdgY9C2aBT5Ne0g,plink_1TlvQnDkgxoHBnOnB1jHUw7Q,https://buy.stripe.com/00w14naH0a4Mg0qcK15Ne0t,created
plink_1TCrCVDkgxoHBnOn2T5yh6vG,https://buy.stripe.com/dRm8wPaH04Ksg0qdO55Ne0f,plink_1TlvQpDkgxoHBnOnHkWZFi6E,https://buy.stripe.com/14AaEX6qK90I9C26lD5Ne0u,created
plink_1TCrBzDkgxoHBnOnYSS0MyDT,https://buy.stripe.com/cNifZh8ySgta7tUfWd5Ne0e,plink_1TlvQrDkgxoHBnOnhObEo8rC,https://buy.stripe.com/6oU7sL02m6SA3dEfWd5Ne0v,created
plink_1TCrBLDkgxoHBnOnyDjn1UQR,https://buy.stripe.com/7sY14n5mG3Go01s5hz5Ne0d,plink_1TlvQuDkgxoHBnOnkH2VRv8l,https://buy.stripe.com/eVq28r4iC90IaG625n5Ne0w,created
plink_1TCrAnDkgxoHBnOnLaxksph9,https://buy.stripe.com/9B63cv5mGgta7tU4dv5Ne0c,plink_1TlvQwDkgxoHBnOnH1ECnNo4,https://buy.stripe.com/6oU8wP3eyfp68xY7pH5Ne0x,created
plink_1TCrA8DkgxoHBnOnyonQQIGm,https://buy.stripe.com/cNi4gzg1k1yg3dE4dv5Ne0b,plink_1TlvQyDkgxoHBnOn15DiC1GU,https://buy.stripe.com/aFabJ102m2CkeWmcK15Ne0y,created
plink_1TCr9eDkgxoHBnOnz8S7Uu1O,https://buy.stripe.com/9B68wP9CWgta15w39r5Ne0a,plink_1TlvR0DkgxoHBnOn3p06nAmf,https://buy.stripe.com/bJefZh3ey6SAdSih0h5Ne0z,created
plink_1TCr8tDkgxoHBnOnEOgn1FMR,https://buy.stripe.com/4gMeVddTc5OwdSi6lD5Ne09,plink_1TlvR2DkgxoHBnOnxXk6J5ON,https://buy.stripe.com/6oU14n02mccU6pQdO55Ne0A,created
plink_1TCr8JDkgxoHBnOnVvqbrg5n,https://buy.stripe.com/bJe3cv4iCfp68xYfWd5Ne08,plink_1TlvR4DkgxoHBnOnIg4Wu8xj,https://buy.stripe.com/3cIcN56qKdgY7tU25n5Ne0B,created
plink_1TCr7nDkgxoHBnOntuB3f84D,https://buy.stripe.com/3cI5kD7uO0uc6pQ11j5Ne07,plink_1TlvR7DkgxoHBnOnOM5OLdYA,https://buy.stripe.com/9B614ncP81ygaG66lD5Ne0C,created
plink_1TCr7ADkgxoHBnOned4bwAxp,https://buy.stripe.com/8x27sL4iCdgY29AeS95Ne06,plink_1TlvR9DkgxoHBnOn2hSAuEXP,https://buy.stripe.com/28EeVd4iCccU4hIh0h5Ne0D,created
plink_1TCr5MDkgxoHBnOnNZ94A9RG,https://buy.stripe.com/7sYfZh02mfp629AbFX5Ne05,plink_1TlvRBDkgxoHBnOnDdKHnKuU,https://buy.stripe.com/aFa14neXg6SAeWm7pH5Ne0E,created
plink_1TCr4wDkgxoHBnOnFXj6fe5v,https://buy.stripe.com/3cI5kDeXg4Ks7tU6lD5Ne04,plink_1TlvRDDkgxoHBnOntHZ0U0sm,https://buy.stripe.com/8x23cv2auccU8xYdO55Ne0F,created
plink_1TCr3uDkgxoHBnOn5TWBkESt,https://buy.stripe.com/5kQeVdaH0el2dSi6lD5Ne03,plink_1TlvRGDkgxoHBnOnFTgxbEHc,https://buy.stripe.com/8x25kDbL4el2eWm8tL5Ne0G,created
plink_1TCqwgDkgxoHBnOniy1LhJkl,https://buy.stripe.com/3cIdR902mccUbKah0h5Ne02,plink_1TlvRIDkgxoHBnOnxwoq0noL,https://buy.stripe.com/8x2cN55mG6SAcOedO55Ne0H,created
plink_1TCquPDkgxoHBnOniLxcyXJr,https://buy.stripe.com/aFacN59CWgtag0qaBT5Ne01,plink_1TlvRLDkgxoHBnOnFMPcj1Za,https://buy.stripe.com/3cIbJ1eXg6SA7tU6lD5Ne0I,created
